scenario;organisations;saas_cout_eur_an;byos_cout_eur_an;ecart_cout_eur_an;saas_cout_par_org_eur_an;byos_cout_par_org_eur_an;saas_tco2e_an;byos_tco2e_an;evite_tco2e_an;byos_cout_marginal_org_eur_an;exploitation_chiffree
bas;1;2761,23;77,88;2683,35;2761,2254;77,8800;0,099876;0,019122;0,080753;0,0000;non
bas;1000;3541,83;233,64;3308,19;3,5418;0,2336;0,460096;0,103119;0,356977;0,0000;non
bas;10000;34794,00;2258,52;32535,48;3,4794;0,2259;4,638971;1,012114;3,626857;0,0000;non
bas;100000;347315,65;22273,68;325041,97;3,4732;0,2227;46,427728;10,044836;36,382892;0,0000;non
central;1;2761,82;29,06;2732,76;2761,8181;29,0581;0,099947;0,003140;0,096808;0,0000;non
central;1000;14898,88;106,94;14791,94;14,8989;0,1069;0,946652;0,015877;0,930774;0,0000;non
central;10000;148364,46;496,34;147868,12;14,8364;0,0496;9,504532;0,096940;9,407592;0,0000;non
central;100000;1483020,25;4468,22;1478552,03;14,8302;0,0447;95,083340;0,915970;94,167370;0,0000;non
haut;1;2767,19;8,04;2759,15;2767,1864;8,0382;0,131448;0,000870;0,130578;0,0000;non
haut;1000;60633,19;85,92;60547,27;60,6332;0,0859;3,459944;0,011975;3,447969;0,0000;non
haut;10000;605707,52;163,80;605543,73;60,5708;0,0164;34,651691;0,044713;34,606978;0,0000;non
haut;100000;6056450,89;942,60;6055508,29;60,5645;0,0094;346,569161;0,372091;346,197070;0,0000;non
